Ad ID,Advertiser,Image
2514184849055670,Lidl Eesti,https://tanelneemoja.github.io/competitors_images/data/Lidl Eesti/2514184849055670.jpg?v=31783064803
1526762858658150,reterra,https://tanelneemoja.github.io/competitors_images/data/reterra/1526762858658150.jpg?v=31783064803
1046228838051050,reterra,https://tanelneemoja.github.io/competitors_images/data/reterra/1046228838051050.jpg?v=31783064803
1365154485026060,ERGO,https://tanelneemoja.github.io/competitors_images/data/ERGO/1365154485026060.jpg?v=31783064803
2335247447007930,Boozt.com,https://tanelneemoja.github.io/competitors_images/data/Boozt.com/2335247447007930.jpg?v=31783064803
918838067293836,Join Up Latvija,https://tanelneemoja.github.io/competitors_images/data/Join Up Latvija/918838067293836.jpg?v=31783064803
2000549924681560,Boozt.com,https://tanelneemoja.github.io/competitors_images/data/Boozt.com/2000549924681560.jpg?v=31783064803
1893037165434180,Lidl Eesti,https://tanelneemoja.github.io/competitors_images/data/Lidl Eesti/1893037165434180.jpg?v=31783064803
1034457142775090,Boozt.com,https://tanelneemoja.github.io/competitors_images/data/Boozt.com/1034457142775090.jpg?v=31783064803
1970693366757190,Join Up Eesti,https://tanelneemoja.github.io/competitors_images/data/Join Up Eesti/1970693366757190.jpg?v=31783064803
3599571000208860,Boozt.com,https://tanelneemoja.github.io/competitors_images/data/Boozt.com/3599571000208860.jpg?v=31783064803
1854357719304500,Rimi Eesti,https://tanelneemoja.github.io/competitors_images/data/Rimi Eesti/1854357719304500.jpg?v=31783064803
1074161088432130,Join Up Eesti,https://tanelneemoja.github.io/competitors_images/data/Join Up Eesti/1074161088432130.jpg?v=31783064803
923954903373829,Endover Kinnisvara,https://tanelneemoja.github.io/competitors_images/data/Endover Kinnisvara/923954903373829.jpg?v=31783064803
4647989442090720,Boozt.com,https://tanelneemoja.github.io/competitors_images/data/Boozt.com/4647989442090720.jpg?v=31783064803
1306876541518860,Boozt.com,https://tanelneemoja.github.io/competitors_images/data/Boozt.com/1306876541518860.jpg?v=31783064803
2213265039452800,Lidl Eesti,https://tanelneemoja.github.io/competitors_images/data/Lidl Eesti/2213265039452800.jpg?v=31783064803
1600390948362960,Boozt.com,https://tanelneemoja.github.io/competitors_images/data/Boozt.com/1600390948362960.jpg?v=31783064803
1949630822369430,Boozt.com,https://tanelneemoja.github.io/competitors_images/data/Boozt.com/1949630822369430.jpg?v=31783064803
2089197708658090,Boozt.com,https://tanelneemoja.github.io/competitors_images/data/Boozt.com/2089197708658090.jpg?v=31783064803
3507372166097450,ANEX Tour Eesti,https://tanelneemoja.github.io/competitors_images/data/ANEX Tour Eesti/3507372166097450.jpg?v=31783064803
1058176723569380,Boozt.com,https://tanelneemoja.github.io/competitors_images/data/Boozt.com/1058176723569380.jpg?v=31783064803
882445187928735,Boozt.com,https://tanelneemoja.github.io/competitors_images/data/Boozt.com/882445187928735.jpg?v=31783064803
1569022044684370,Boozt.com,https://tanelneemoja.github.io/competitors_images/data/Boozt.com/1569022044684370.jpg?v=31783064803
1070835655887860,Join Up Latvija,https://tanelneemoja.github.io/competitors_images/data/Join Up Latvija/1070835655887860.jpg?v=31783064803
888428847287679,Lidl Eesti,https://tanelneemoja.github.io/competitors_images/data/Lidl Eesti/888428847287679.jpg?v=31783064803
890261843736855,Boozt.com,https://tanelneemoja.github.io/competitors_images/data/Boozt.com/890261843736855.jpg?v=31783064803
1552690879927650,Boozt.com,https://tanelneemoja.github.io/competitors_images/data/Boozt.com/1552690879927650.jpg?v=31783064803
1265550635579670,reterra,https://tanelneemoja.github.io/competitors_images/data/reterra/1265550635579670.jpg?v=31783064803
926041597195628,Boozt.com,https://tanelneemoja.github.io/competitors_images/data/Boozt.com/926041597195628.jpg?v=31783064803
811993115269672,Boozt.com,https://tanelneemoja.github.io/competitors_images/data/Boozt.com/811993115269672.jpg?v=31783064803
1629550718590450,reterra,https://tanelneemoja.github.io/competitors_images/data/reterra/1629550718590450.jpg?v=31783064803
1072142135180820,SELVER,https://tanelneemoja.github.io/competitors_images/data/SELVER/1072142135180820.jpg?v=31783064803
1593359929040720,Lidl Eesti,https://tanelneemoja.github.io/competitors_images/data/Lidl Eesti/1593359929040720.jpg?v=31783064803
2081940915739130,SELVER,https://tanelneemoja.github.io/competitors_images/data/SELVER/2081940915739130.jpg?v=31783064803
1583618540041740,Boozt.com,https://tanelneemoja.github.io/competitors_images/data/Boozt.com/1583618540041740.jpg?v=31783064803
1419865303526110,Luminor Eesti,https://tanelneemoja.github.io/competitors_images/data/Luminor Eesti/1419865303526110.jpg?v=31783064803
3045139535682540,Boozt.com,https://tanelneemoja.github.io/competitors_images/data/Boozt.com/3045139535682540.jpg?v=31783064803
1394696185892830,reterra,https://tanelneemoja.github.io/competitors_images/data/reterra/1394696185892830.jpg?v=31783064803
2175247043019050,Join Up Lietuva,https://tanelneemoja.github.io/competitors_images/data/Join Up Lietuva/2175247043019050.jpg?v=31783064803
1401607191853440,Elektrum Eesti,https://tanelneemoja.github.io/competitors_images/data/Elektrum Eesti/1401607191853440.jpg?v=31783064803
1550991860052970,Boozt.com,https://tanelneemoja.github.io/competitors_images/data/Boozt.com/1550991860052970.jpg?v=31783064803
1109645731387410,reterra,https://tanelneemoja.github.io/competitors_images/data/reterra/1109645731387410.jpg?v=31783064803
1787493465780100,Elektrum Eesti,https://tanelneemoja.github.io/competitors_images/data/Elektrum Eesti/1787493465780100.jpg?v=31783064803
2465846300604060,Boozt.com,https://tanelneemoja.github.io/competitors_images/data/Boozt.com/2465846300604060.jpg?v=31783064803
2485879058544780,Boozt.com,https://tanelneemoja.github.io/competitors_images/data/Boozt.com/2485879058544780.jpg?v=31783064803
2352809632124520,Boozt.com,https://tanelneemoja.github.io/competitors_images/data/Boozt.com/2352809632124520.jpg?v=31783064803
2226178674826780,Lidl Eesti,https://tanelneemoja.github.io/competitors_images/data/Lidl Eesti/2226178674826780.jpg?v=31783064803
2269027340587230,Boozt.com,https://tanelneemoja.github.io/competitors_images/data/Boozt.com/2269027340587230.jpg?v=31783064803
1826287365000970,JD Sports Lithuania,https://tanelneemoja.github.io/competitors_images/data/JD Sports Lithuania/1826287365000970.jpg?v=31783064803
2023322731645910,Lidl Eesti,https://tanelneemoja.github.io/competitors_images/data/Lidl Eesti/2023322731645910.jpg?v=31783064803
2306869880053000,BSTN Store,https://tanelneemoja.github.io/competitors_images/data/BSTN Store/2306869880053000.jpg?v=31783064803
1597290281932160,Endover Kinnisvara,https://tanelneemoja.github.io/competitors_images/data/Endover Kinnisvara/1597290281932160.jpg?v=31783064803
1646479079753520,Boozt.com,https://tanelneemoja.github.io/competitors_images/data/Boozt.com/1646479079753520.jpg?v=31783064803
1682031632897400,Endover Kinnisvara,https://tanelneemoja.github.io/competitors_images/data/Endover Kinnisvara/1682031632897400.jpg?v=31783064803
4186639291468800,SELVER,https://tanelneemoja.github.io/competitors_images/data/SELVER/4186639291468800.jpg?v=31783064803
27140145869001400,Boozt.com,https://tanelneemoja.github.io/competitors_images/data/Boozt.com/27140145869001400.jpg?v=31783064803
1284190450308900,Boozt.com,https://tanelneemoja.github.io/competitors_images/data/Boozt.com/1284190450308900.jpg?v=31783064803
899425382762520,Liven,https://tanelneemoja.github.io/competitors_images/data/Liven/899425382762520.jpg?v=31783064803
1036336342623470,Join Up Lietuva,https://tanelneemoja.github.io/competitors_images/data/Join Up Lietuva/1036336342623470.jpg?v=31783064803
2441172289711940,Boozt.com,https://tanelneemoja.github.io/competitors_images/data/Boozt.com/2441172289711940.jpg?v=31783064803
1226845592890900,Boozt.com,https://tanelneemoja.github.io/competitors_images/data/Boozt.com/1226845592890900.jpg?v=31783064803
1081263677575460,Boozt.com,https://tanelneemoja.github.io/competitors_images/data/Boozt.com/1081263677575460.jpg?v=31783064803
808191152284241,Boozt.com,https://tanelneemoja.github.io/competitors_images/data/Boozt.com/808191152284241.jpg?v=31783064803
1538810234406170,Boozt.com,https://tanelneemoja.github.io/competitors_images/data/Boozt.com/1538810234406170.jpg?v=31783064803
1012938978291540,Liven,https://tanelneemoja.github.io/competitors_images/data/Liven/1012938978291540.jpg?v=31783064803
1783836879736470,Lidl Eesti,https://tanelneemoja.github.io/competitors_images/data/Lidl Eesti/1783836879736470.jpg?v=31783064803
1379802116951150,Boozt.com,https://tanelneemoja.github.io/competitors_images/data/Boozt.com/1379802116951150.jpg?v=31783064803
928678673610747,Boozt.com,https://tanelneemoja.github.io/competitors_images/data/Boozt.com/928678673610747.jpg?v=31783064803
2031469940813760,ERGO,https://tanelneemoja.github.io/competitors_images/data/ERGO/2031469940813760.jpg?v=31783064803
2081390812772720,Rimi Eesti,https://tanelneemoja.github.io/competitors_images/data/Rimi Eesti/2081390812772720.jpg?v=31783064803
2256793075112740,Lidl Eesti,https://tanelneemoja.github.io/competitors_images/data/Lidl Eesti/2256793075112740.jpg?v=31783064803
27381992024816900,Endover Kinnisvara,https://tanelneemoja.github.io/competitors_images/data/Endover Kinnisvara/27381992024816900.jpg?v=31783064803
2298873927554610,Lidl Eesti,https://tanelneemoja.github.io/competitors_images/data/Lidl Eesti/2298873927554610.jpg?v=31783064803
1062632893370020,Lidl Eesti,https://tanelneemoja.github.io/competitors_images/data/Lidl Eesti/1062632893370020.jpg?v=31783064803
4592119174405000,Balcia Kindlustus,https://tanelneemoja.github.io/competitors_images/data/Balcia Kindlustus/4592119174405000.jpg?v=31783064803
1713235659886530,Enefit Eesti,https://tanelneemoja.github.io/competitors_images/data/Enefit Eesti/1713235659886530.jpg?v=31783064803
2623957124736060,Bigbank Eesti,https://tanelneemoja.github.io/competitors_images/data/Bigbank Eesti/2623957124736060.jpg?v=31783064803
1071173312047850,reterra,https://tanelneemoja.github.io/competitors_images/data/reterra/1071173312047850.jpg?v=31783064803
1066243889309250,reterra,https://tanelneemoja.github.io/competitors_images/data/reterra/1066243889309250.jpg?v=31783064803
1365248175580390,reterra,https://tanelneemoja.github.io/competitors_images/data/reterra/1365248175580390.jpg?v=31783064803
1064256656562320,SELVER,https://tanelneemoja.github.io/competitors_images/data/SELVER/1064256656562320.jpg?v=31783064803
1063237086074920,Boozt.com,https://tanelneemoja.github.io/competitors_images/data/Boozt.com/1063237086074920.jpg?v=31783064803
1558820429368260,Ballzy Suomi,https://tanelneemoja.github.io/competitors_images/data/Ballzy Suomi/1558820429368260.jpg?v=31783064803
1986061048741410,Ballzy Latvija,https://tanelneemoja.github.io/competitors_images/data/Ballzy Latvija/1986061048741410.jpg?v=31783064803
979214721840905,Confido,https://tanelneemoja.github.io/competitors_images/data/Confido/979214721840905.jpg?v=31783064803
1361600995525440,Citadele pank,https://tanelneemoja.github.io/competitors_images/data/Citadele pank/1361600995525440.jpg?v=31783064803
2458885104588100,Ballzy Eesti,https://tanelneemoja.github.io/competitors_images/data/Ballzy Eesti/2458885104588100.jpg?v=31783064803
2945287285807380,Ballzy Eesti,https://tanelneemoja.github.io/competitors_images/data/Ballzy Eesti/2945287285807380.jpg?v=31783064803
1303802141617380,Ballzy Lietuva,https://tanelneemoja.github.io/competitors_images/data/Ballzy Lietuva/1303802141617380.jpg?v=31783064803
1062649889502440,Ballzy Basketball,https://tanelneemoja.github.io/competitors_images/data/Ballzy Basketball/1062649889502440.jpg?v=31783064803
910198724917351,Ballzy Lietuva,https://tanelneemoja.github.io/competitors_images/data/Ballzy Lietuva/910198724917351.jpg?v=31783064803
1379314377597700,Ballzy Latvija,https://tanelneemoja.github.io/competitors_images/data/Ballzy Latvija/1379314377597700.jpg?v=31783064803
1029369039865320,Ballzy Suomi,https://tanelneemoja.github.io/competitors_images/data/Ballzy Suomi/1029369039865320.jpg?v=31783064803
1095243999494570,Lidl Eesti,https://tanelneemoja.github.io/competitors_images/data/Lidl Eesti/1095243999494570.jpg?v=31783064803
1517702289636350,Ballzy Suomi,https://tanelneemoja.github.io/competitors_images/data/Ballzy Suomi/1517702289636350.jpg?v=31783064803
1032074152900760,Ballzy Lietuva,https://tanelneemoja.github.io/competitors_images/data/Ballzy Lietuva/1032074152900760.jpg?v=31783064803
1363894179187450,Ballzy Lietuva,https://tanelneemoja.github.io/competitors_images/data/Ballzy Lietuva/1363894179187450.jpg?v=31783064803
1103419202035600,Ballzy Suomi,https://tanelneemoja.github.io/competitors_images/data/Ballzy Suomi/1103419202035600.jpg?v=31783064803
1761015315248080,Ballzy Latvija,https://tanelneemoja.github.io/competitors_images/data/Ballzy Latvija/1761015315248080.jpg?v=31783064803
1605326397683980,Lidl Eesti,https://tanelneemoja.github.io/competitors_images/data/Lidl Eesti/1605326397683980.jpg?v=31783064803
1597960745283910,Ballzy Latvija,https://tanelneemoja.github.io/competitors_images/data/Ballzy Latvija/1597960745283910.jpg?v=31783064803
1368171085451560,Ballzy Eesti,https://tanelneemoja.github.io/competitors_images/data/Ballzy Eesti/1368171085451560.jpg?v=31783064803
2822575331434700,Ballzy Eesti,https://tanelneemoja.github.io/competitors_images/data/Ballzy Eesti/2822575331434700.jpg?v=31783064803
4565347476944550,Ballzy Latvija,https://tanelneemoja.github.io/competitors_images/data/Ballzy Latvija/4565347476944550.jpg?v=31783064803
1373706444150300,Ballzy Lietuva,https://tanelneemoja.github.io/competitors_images/data/Ballzy Lietuva/1373706444150300.jpg?v=31783064803
1500006935214700,Ballzy Suomi,https://tanelneemoja.github.io/competitors_images/data/Ballzy Suomi/1500006935214700.jpg?v=31783064803
1479142780687970,Ballzy Eesti,https://tanelneemoja.github.io/competitors_images/data/Ballzy Eesti/1479142780687970.jpg?v=31783064803
2067640843874930,Ballzy Lietuva,https://tanelneemoja.github.io/competitors_images/data/Ballzy Lietuva/2067640843874930.jpg?v=31783064803
1351277883822900,Citadele pank,https://tanelneemoja.github.io/competitors_images/data/Citadele pank/1351277883822900.jpg?v=31783064803
2212545132914560,Ballzy Eesti,https://tanelneemoja.github.io/competitors_images/data/Ballzy Eesti/2212545132914560.jpg?v=31783064803
1346963140836190,Ballzy Latvija,https://tanelneemoja.github.io/competitors_images/data/Ballzy Latvija/1346963140836190.jpg?v=31783064803
1601847391485650,Ballzy Latvija,https://tanelneemoja.github.io/competitors_images/data/Ballzy Latvija/1601847391485650.jpg?v=31783064803
730374233504558,Lidl Eesti,https://tanelneemoja.github.io/competitors_images/data/Lidl Eesti/730374233504558.jpg?v=31783064803
3102370683289970,Ballzy Lietuva,https://tanelneemoja.github.io/competitors_images/data/Ballzy Lietuva/3102370683289970.jpg?v=31783064803
4542754599340400,Coop Eesti,https://tanelneemoja.github.io/competitors_images/data/Coop Eesti/4542754599340400.jpg?v=31783064803
1361451692850170,JD Sports Lithuania,https://tanelneemoja.github.io/competitors_images/data/JD Sports Lithuania/1361451692850170.jpg?v=31783064803
2661268157641340,Ballzy Latvija,https://tanelneemoja.github.io/competitors_images/data/Ballzy Latvija/2661268157641340.jpg?v=31783064803
1010280661847420,Ballzy Eesti,https://tanelneemoja.github.io/competitors_images/data/Ballzy Eesti/1010280661847420.jpg?v=31783064803
3666289293524020,Ballzy Lietuva,https://tanelneemoja.github.io/competitors_images/data/Ballzy Lietuva/3666289293524020.jpg?v=31783064803
3732211226935600,Weekend.ee,https://tanelneemoja.github.io/competitors_images/data/Weekend.ee/3732211226935600.jpg?v=31783064803
1062576736448520,Weekend.ee,https://tanelneemoja.github.io/competitors_images/data/Weekend.ee/1062576736448520.jpg?v=31783064803
1065777759725280,Boozt.com,https://tanelneemoja.github.io/competitors_images/data/Boozt.com/1065777759725280.jpg?v=31783064803
1548771492756230,Boozt.com,https://tanelneemoja.github.io/competitors_images/data/Boozt.com/1548771492756230.jpg?v=31783064803
2676569956078250,Weekend.ee,https://tanelneemoja.github.io/competitors_images/data/Weekend.ee/2676569956078250.jpg?v=31783064803
2097344854325430,Coop Eesti,https://tanelneemoja.github.io/competitors_images/data/Coop Eesti/2097344854325430.jpg?v=31783064803
2266195260849050,Weekend.ee,https://tanelneemoja.github.io/competitors_images/data/Weekend.ee/2266195260849050.jpg?v=31783064803
1020171530730480,Coop Eesti,https://tanelneemoja.github.io/competitors_images/data/Coop Eesti/1020171530730480.jpg?v=31783064803
1792274675458980,Lidl Eesti,https://tanelneemoja.github.io/competitors_images/data/Lidl Eesti/1792274675458980.jpg?v=31783064803
2634389620297280,Weekend.lv,https://tanelneemoja.github.io/competitors_images/data/Weekend.lv/2634389620297280.jpg?v=31783064803
1579335183788150,Join Up Eesti,https://tanelneemoja.github.io/competitors_images/data/Join Up Eesti/1579335183788150.jpg?v=31783064803
1725440161991990,Weekend.lv,https://tanelneemoja.github.io/competitors_images/data/Weekend.lv/1725440161991990.jpg?v=31783064803
2843366136056470,Weekend.ee,https://tanelneemoja.github.io/competitors_images/data/Weekend.ee/2843366136056470.jpg?v=31783064803
1764395911269600,Boozt.com,https://tanelneemoja.github.io/competitors_images/data/Boozt.com/1764395911269600.jpg?v=31783064803
888500867286975,Coral Travel Lithuania,https://tanelneemoja.github.io/competitors_images/data/Coral Travel Lithuania/888500867286975.jpg?v=31783064803
1075965965208130,Weekend.ee,https://tanelneemoja.github.io/competitors_images/data/Weekend.ee/1075965965208130.jpg?v=31783064803
1773337943703880,Weekend.lv,https://tanelneemoja.github.io/competitors_images/data/Weekend.lv/1773337943703880.jpg?v=31783064803
1565868288408730,Weekend.lv,https://tanelneemoja.github.io/competitors_images/data/Weekend.lv/1565868288408730.jpg?v=31783064803
1350697176714360,Weekend.ee,https://tanelneemoja.github.io/competitors_images/data/Weekend.ee/1350697176714360.jpg?v=31783064803
2766376040425390,Lidl Eesti,https://tanelneemoja.github.io/competitors_images/data/Lidl Eesti/2766376040425390.jpg?v=31783064803
1544431677232360,Coral Travel Lithuania,https://tanelneemoja.github.io/competitors_images/data/Coral Travel Lithuania/1544431677232360.jpg?v=31783064803
2996394607407100,Weekend.lv,https://tanelneemoja.github.io/competitors_images/data/Weekend.lv/2996394607407100.jpg?v=31783064803
1049334444140770,Boozt.com,https://tanelneemoja.github.io/competitors_images/data/Boozt.com/1049334444140770.jpg?v=31783064803
1685574185855060,JD Sports Lithuania,https://tanelneemoja.github.io/competitors_images/data/JD Sports Lithuania/1685574185855060.jpg?v=31783064803
1588474295954640,Weekend.ee,https://tanelneemoja.github.io/competitors_images/data/Weekend.ee/1588474295954640.jpg?v=31783064803
1351288909966300,Boozt.com,https://tanelneemoja.github.io/competitors_images/data/Boozt.com/1351288909966300.jpg?v=31783064803
5527484240810030,Boozt.com,https://tanelneemoja.github.io/competitors_images/data/Boozt.com/5527484240810030.jpg?v=31783064803
2555573634879260,Endover Kinnisvara,https://tanelneemoja.github.io/competitors_images/data/Endover Kinnisvara/2555573634879260.jpg?v=31783064803
1036485072612010,Endover Kinnisvara,https://tanelneemoja.github.io/competitors_images/data/Endover Kinnisvara/1036485072612010.jpg?v=31783064803
1040720325107420,TEZ TOUR Lietuva,https://tanelneemoja.github.io/competitors_images/data/TEZ TOUR Lietuva/1040720325107420.jpg?v=31783064803
1371574117641400,Boozt.com,https://tanelneemoja.github.io/competitors_images/data/Boozt.com/1371574117641400.jpg?v=31783064803
1703842547544410,Endover Kinnisvara,https://tanelneemoja.github.io/competitors_images/data/Endover Kinnisvara/1703842547544410.jpg?v=31783064803
28944084425191800,Weekend.ee,https://tanelneemoja.github.io/competitors_images/data/Weekend.ee/28944084425191800.jpg?v=31783064803
1590458432723760,Coral Travel Lithuania,https://tanelneemoja.github.io/competitors_images/data/Coral Travel Lithuania/1590458432723760.jpg?v=31783064803
1045015851729300,Endover Kinnisvara,https://tanelneemoja.github.io/competitors_images/data/Endover Kinnisvara/1045015851729300.jpg?v=31783064803
1558726365752190,Endover Kinnisvara,https://tanelneemoja.github.io/competitors_images/data/Endover Kinnisvara/1558726365752190.jpg?v=31783064803
1104702478911150,Boozt.com,https://tanelneemoja.github.io/competitors_images/data/Boozt.com/1104702478911150.jpg?v=31783064803
1074625821676790,Boozt.com,https://tanelneemoja.github.io/competitors_images/data/Boozt.com/1074625821676790.jpg?v=31783064803
1035345229277630,Endover Kinnisvara,https://tanelneemoja.github.io/competitors_images/data/Endover Kinnisvara/1035345229277630.jpg?v=31783064803
1338951254973810,TEZ TOUR Lietuva,https://tanelneemoja.github.io/competitors_images/data/TEZ TOUR Lietuva/1338951254973810.jpg?v=31783064803
1026477390253180,Boozt.com,https://tanelneemoja.github.io/competitors_images/data/Boozt.com/1026477390253180.jpg?v=31783064803
1049803711109830,Boozt.com,https://tanelneemoja.github.io/competitors_images/data/Boozt.com/1049803711109830.jpg?v=31783064803
2104686073466190,JD Sports Lithuania,https://tanelneemoja.github.io/competitors_images/data/JD Sports Lithuania/2104686073466190.jpg?v=31783064803
1370423661163310,Boozt.com,https://tanelneemoja.github.io/competitors_images/data/Boozt.com/1370423661163310.jpg?v=31783064803
2166803323864880,Enefit Eesti,https://tanelneemoja.github.io/competitors_images/data/Enefit Eesti/2166803323864880.jpg?v=31783064803
1581979453274520,Boozt.com,https://tanelneemoja.github.io/competitors_images/data/Boozt.com/1581979453274520.jpg?v=31783064803
3157347931129080,Boozt.com,https://tanelneemoja.github.io/competitors_images/data/Boozt.com/3157347931129080.jpg?v=31783064803
1593726162153720,TEZ TOUR Lietuva,https://tanelneemoja.github.io/competitors_images/data/TEZ TOUR Lietuva/1593726162153720.jpg?v=31783064803
1270119761777620,Weekend.ee,https://tanelneemoja.github.io/competitors_images/data/Weekend.ee/1270119761777620.jpg?v=31783064803
2093385664885480,Sportland Eesti,https://tanelneemoja.github.io/competitors_images/data/Sportland Eesti/2093385664885480.jpg?v=31783064803
1754126015781520,Weekend.lt,https://tanelneemoja.github.io/competitors_images/data/Weekend.lt/1754126015781520.jpg?v=31783064803
1378140254251820,TEZ TOUR Lietuva,https://tanelneemoja.github.io/competitors_images/data/TEZ TOUR Lietuva/1378140254251820.jpg?v=31783064803
1396079269140860,Boozt.com,https://tanelneemoja.github.io/competitors_images/data/Boozt.com/1396079269140860.jpg?v=31783064803
1406259391378060,Weekend.lv,https://tanelneemoja.github.io/competitors_images/data/Weekend.lv/1406259391378060.jpg?v=31783064803
1649685863824540,TEZ TOUR Lietuva,https://tanelneemoja.github.io/competitors_images/data/TEZ TOUR Lietuva/1649685863824540.jpg?v=31783064803
2352628858823540,Invego,https://tanelneemoja.github.io/competitors_images/data/Invego/2352628858823540.jpg?v=31783064803
2142510263350450,Coral Travel Latvia,https://tanelneemoja.github.io/competitors_images/data/Coral Travel Latvia/2142510263350450.jpg?v=31783064803
1078359151215370,Weekend.ee,https://tanelneemoja.github.io/competitors_images/data/Weekend.ee/1078359151215370.jpg?v=31783064803
1648585226835150,Sportland Eesti,https://tanelneemoja.github.io/competitors_images/data/Sportland Eesti/1648585226835150.jpg?v=31783064803
1597323208578620,Weekend.ee,https://tanelneemoja.github.io/competitors_images/data/Weekend.ee/1597323208578620.jpg?v=31783064803
2003374213640620,TEZ TOUR Lietuva,https://tanelneemoja.github.io/competitors_images/data/TEZ TOUR Lietuva/2003374213640620.jpg?v=31783064803
1337252698477680,Boozt.com,https://tanelneemoja.github.io/competitors_images/data/Boozt.com/1337252698477680.jpg?v=31783064803
1254472486727800,TEZ TOUR Lietuva,https://tanelneemoja.github.io/competitors_images/data/TEZ TOUR Lietuva/1254472486727800.jpg?v=31783064803
1940367179985400,TEZ TOUR Lietuva,https://tanelneemoja.github.io/competitors_images/data/TEZ TOUR Lietuva/1940367179985400.jpg?v=31783064803
1799682541387460,reterra,https://tanelneemoja.github.io/competitors_images/data/reterra/1799682541387460.jpg?v=31783064803
1368492695389630,Sportland Eesti,https://tanelneemoja.github.io/competitors_images/data/Sportland Eesti/1368492695389630.jpg?v=31783064803
1049835187434350,Boozt.com,https://tanelneemoja.github.io/competitors_images/data/Boozt.com/1049835187434350.jpg?v=31783064803
3603747149776780,Boozt.com,https://tanelneemoja.github.io/competitors_images/data/Boozt.com/3603747149776780.jpg?v=31783064803
1034862132595560,TEZ TOUR Lietuva,https://tanelneemoja.github.io/competitors_images/data/TEZ TOUR Lietuva/1034862132595560.jpg?v=31783064803
1699148067968780,Weekend.lv,https://tanelneemoja.github.io/competitors_images/data/Weekend.lv/1699148067968780.jpg?v=31783064803
1351758497040740,Boozt.com,https://tanelneemoja.github.io/competitors_images/data/Boozt.com/1351758497040740.jpg?v=31783064803
914857464391585,Boozt.com,https://tanelneemoja.github.io/competitors_images/data/Boozt.com/914857464391585.jpg?v=31783064803
1051337280630540,Boozt.com,https://tanelneemoja.github.io/competitors_images/data/Boozt.com/1051337280630540.jpg?v=31783064803
1392267719574260,Coop Eesti,https://tanelneemoja.github.io/competitors_images/data/Coop Eesti/1392267719574260.jpg?v=31783064803
1025996446697880,Boozt.com,https://tanelneemoja.github.io/competitors_images/data/Boozt.com/1025996446697880.jpg?v=31783064803
1071920971834270,Weekend.lv,https://tanelneemoja.github.io/competitors_images/data/Weekend.lv/1071920971834270.jpg?v=31783064803
2847219835658330,Ballzy Latvija,https://tanelneemoja.github.io/competitors_images/data/Ballzy Latvija/2847219835658330.jpg?v=31783064803
37367216996256500,Sportland Eesti,https://tanelneemoja.github.io/competitors_images/data/Sportland Eesti/37367216996256500.jpg?v=31783064803
1525513515988900,Weekend.lv,https://tanelneemoja.github.io/competitors_images/data/Weekend.lv/1525513515988900.jpg?v=31783064803
2245646072914760,Boozt.com,https://tanelneemoja.github.io/competitors_images/data/Boozt.com/2245646072914760.jpg?v=31783064803
1960243244654110,TEZ TOUR Lietuva,https://tanelneemoja.github.io/competitors_images/data/TEZ TOUR Lietuva/1960243244654110.jpg?v=31783064803
1570125421237200,Weekend.lt,https://tanelneemoja.github.io/competitors_images/data/Weekend.lt/1570125421237200.jpg?v=31783064803
3194901237349510,Sportland Eesti,https://tanelneemoja.github.io/competitors_images/data/Sportland Eesti/3194901237349510.jpg?v=31783064803
1590738155748780,TEZ TOUR Lietuva,https://tanelneemoja.github.io/competitors_images/data/TEZ TOUR Lietuva/1590738155748780.jpg?v=31783064803
906451705852020,ABOUT YOU,https://tanelneemoja.github.io/competitors_images/data/ABOUT YOU/906451705852020.jpg?v=31783064803
1030558046626640,Boozt.com,https://tanelneemoja.github.io/competitors_images/data/Boozt.com/1030558046626640.jpg?v=31783064803
1753287876006210,Weekend.lt,https://tanelneemoja.github.io/competitors_images/data/Weekend.lt/1753287876006210.jpg?v=31783064803
1324860269418000,reterra,https://tanelneemoja.github.io/competitors_images/data/reterra/1324860269418000.jpg?v=31783064803
1726129128662220,Sportland Eesti,https://tanelneemoja.github.io/competitors_images/data/Sportland Eesti/1726129128662220.jpg?v=31783064803
2130421691202170,TEZ TOUR Lietuva,https://tanelneemoja.github.io/competitors_images/data/TEZ TOUR Lietuva/2130421691202170.jpg?v=31783064803
1425170142870420,Boozt.com,https://tanelneemoja.github.io/competitors_images/data/Boozt.com/1425170142870420.jpg?v=31783064803
1036663082289160,Weekend.ee,https://tanelneemoja.github.io/competitors_images/data/Weekend.ee/1036663082289160.jpg?v=31783064803
1075577618239850,Luminor Eesti,https://tanelneemoja.github.io/competitors_images/data/Luminor Eesti/1075577618239850.jpg?v=31783064803
4464054207186030,Weekend.ee,https://tanelneemoja.github.io/competitors_images/data/Weekend.ee/4464054207186030.jpg?v=31783064803
1015911494598270,Sportland Eesti,https://tanelneemoja.github.io/competitors_images/data/Sportland Eesti/1015911494598270.jpg?v=31783064803
2961947907497930,TEZ TOUR Lietuva,https://tanelneemoja.github.io/competitors_images/data/TEZ TOUR Lietuva/2961947907497930.jpg?v=31783064803
1074604718284410,LHV,https://tanelneemoja.github.io/competitors_images/data/LHV/1074604718284410.jpg?v=31783064803
1063031819605630,Sportland Eesti,https://tanelneemoja.github.io/competitors_images/data/Sportland Eesti/1063031819605630.jpg?v=31783064803
1034995829131180,TEZ TOUR Lietuva,https://tanelneemoja.github.io/competitors_images/data/TEZ TOUR Lietuva/1034995829131180.jpg?v=31783064803
2582603148838690,Boozt.com,https://tanelneemoja.github.io/competitors_images/data/Boozt.com/2582603148838690.jpg?v=31783064803
1562357035269630,Boozt.com,https://tanelneemoja.github.io/competitors_images/data/Boozt.com/1562357035269630.jpg?v=31783064803
2545374912599260,Holm Bank,https://tanelneemoja.github.io/competitors_images/data/Holm Bank/2545374912599260.jpg?v=31783064803
1603821651129340,TEZ TOUR Lietuva,https://tanelneemoja.github.io/competitors_images/data/TEZ TOUR Lietuva/1603821651129340.jpg?v=31783064803
1367610378681880,Boozt.com,https://tanelneemoja.github.io/competitors_images/data/Boozt.com/1367610378681880.jpg?v=31783064803
1312560890680930,TEZ TOUR Lietuva,https://tanelneemoja.github.io/competitors_images/data/TEZ TOUR Lietuva/1312560890680930.jpg?v=31783064803
1271720734929650,Boozt.com,https://tanelneemoja.github.io/competitors_images/data/Boozt.com/1271720734929650.jpg?v=31783064803
1368261462162420,Weekend.lv,https://tanelneemoja.github.io/competitors_images/data/Weekend.lv/1368261462162420.jpg?v=31783064803
4634571933439940,Ballzy Eesti,https://tanelneemoja.github.io/competitors_images/data/Ballzy Eesti/4634571933439940.jpg?v=31783064803
1265478105588300,Weekend.lt,https://tanelneemoja.github.io/competitors_images/data/Weekend.lt/1265478105588300.jpg?v=31783064803
1024447737009050,Coop Eesti,https://tanelneemoja.github.io/competitors_images/data/Coop Eesti/1024447737009050.jpg?v=31783064803
2111320519734810,Sportland Eesti,https://tanelneemoja.github.io/competitors_images/data/Sportland Eesti/2111320519734810.jpg?v=31783064803
1071006895381490,TEZ TOUR Lietuva,https://tanelneemoja.github.io/competitors_images/data/TEZ TOUR Lietuva/1071006895381490.jpg?v=31783064803
2218377632280180,Weekend.lt,https://tanelneemoja.github.io/competitors_images/data/Weekend.lt/2218377632280180.jpg?v=31783064803
1403876631621670,LHV,https://tanelneemoja.github.io/competitors_images/data/LHV/1403876631621670.jpg?v=31783064803
1025883190260210,TEZ TOUR Lietuva,https://tanelneemoja.github.io/competitors_images/data/TEZ TOUR Lietuva/1025883190260210.jpg?v=31783064803
1687737845643220,Weekend.ee,https://tanelneemoja.github.io/competitors_images/data/Weekend.ee/1687737845643220.jpg?v=31783064803
3634216400067240,TEZ TOUR Lietuva,https://tanelneemoja.github.io/competitors_images/data/TEZ TOUR Lietuva/3634216400067240.jpg?v=31783064803
1040795515473250,Boozt.com,https://tanelneemoja.github.io/competitors_images/data/Boozt.com/1040795515473250.jpg?v=31783064803
1630253341992050,Weekend.ee,https://tanelneemoja.github.io/competitors_images/data/Weekend.ee/1630253341992050.jpg?v=31783064803
1360782062786870,Invego,https://tanelneemoja.github.io/competitors_images/data/Invego/1360782062786870.jpg?v=31783064803
2225033121607190,Sportland Eesti,https://tanelneemoja.github.io/competitors_images/data/Sportland Eesti/2225033121607190.jpg?v=31783064803
1029263749896100,TEZ TOUR Lietuva,https://tanelneemoja.github.io/competitors_images/data/TEZ TOUR Lietuva/1029263749896100.jpg?v=31783064803
911207694817848,Confido,https://tanelneemoja.github.io/competitors_images/data/Confido/911207694817848.jpg?v=31783064803
2520864481765140,Coop Eesti,https://tanelneemoja.github.io/competitors_images/data/Coop Eesti/2520864481765140.jpg?v=31783064803
1058841556798420,Boozt.com,https://tanelneemoja.github.io/competitors_images/data/Boozt.com/1058841556798420.jpg?v=31783064803
1750453309510590,Coral Travel Latvia,https://tanelneemoja.github.io/competitors_images/data/Coral Travel Latvia/1750453309510590.jpg?v=31783064803
27332153389820900,Luminor Eesti,https://tanelneemoja.github.io/competitors_images/data/Luminor Eesti/27332153389820900.jpg?v=31783064803
1707258847060190,Coop Eesti,https://tanelneemoja.github.io/competitors_images/data/Coop Eesti/1707258847060190.jpg?v=31783064803
1801432997900910,Luminor Eesti,https://tanelneemoja.github.io/competitors_images/data/Luminor Eesti/1801432997900910.jpg?v=31783064803
2093962018171880,Coop Eesti,https://tanelneemoja.github.io/competitors_images/data/Coop Eesti/2093962018171880.jpg?v=31783064803
1520261686542540,SELVER,https://tanelneemoja.github.io/competitors_images/data/SELVER/1520261686542540.jpg?v=31783064803
1051609590697980,Endover Kinnisvara,https://tanelneemoja.github.io/competitors_images/data/Endover Kinnisvara/1051609590697980.jpg?v=31783064803
928427126224519,Lidl Eesti,https://tanelneemoja.github.io/competitors_images/data/Lidl Eesti/928427126224519.jpg?v=31783064803
1592702545707660,Boozt.com,https://tanelneemoja.github.io/competitors_images/data/Boozt.com/1592702545707660.jpg?v=31783064803
2949016928824010,reterra,https://tanelneemoja.github.io/competitors_images/data/reterra/2949016928824010.jpg?v=31783064803
1009228718746180,Sportland Eesti,https://tanelneemoja.github.io/competitors_images/data/Sportland Eesti/1009228718746180.jpg?v=31783064803
2048680575738330,reterra,https://tanelneemoja.github.io/competitors_images/data/reterra/2048680575738330.jpg?v=31783064803
1676843773540850,Boozt.com,https://tanelneemoja.github.io/competitors_images/data/Boozt.com/1676843773540850.jpg?v=31783064803
2093161917751530,Boozt.com,https://tanelneemoja.github.io/competitors_images/data/Boozt.com/2093161917751530.jpg?v=31783064803
935139012937415,Boozt.com,https://tanelneemoja.github.io/competitors_images/data/Boozt.com/935139012937415.jpg?v=31783064803
1069370018769850,Endover Kinnisvara,https://tanelneemoja.github.io/competitors_images/data/Endover Kinnisvara/1069370018769850.jpg?v=31783064803
1572472827585290,Boozt.com,https://tanelneemoja.github.io/competitors_images/data/Boozt.com/1572472827585290.jpg?v=31783064803
1767843410880160,Lidl Eesti,https://tanelneemoja.github.io/competitors_images/data/Lidl Eesti/1767843410880160.jpg?v=31783064803
1745139273346950,Boozt.com,https://tanelneemoja.github.io/competitors_images/data/Boozt.com/1745139273346950.jpg?v=31783064803
1056849583753060,Prisma Peremarketid,https://tanelneemoja.github.io/competitors_images/data/Prisma Peremarketid/1056849583753060.jpg?v=31783064803
1034148709368910,Join Up Eesti,https://tanelneemoja.github.io/competitors_images/data/Join Up Eesti/1034148709368910.jpg?v=31783064803
1420466716601380,Join Up Eesti,https://tanelneemoja.github.io/competitors_images/data/Join Up Eesti/1420466716601380.jpg?v=31783064803
1064442529421770,Enefit Eesti,https://tanelneemoja.github.io/competitors_images/data/Enefit Eesti/1064442529421770.jpg?v=31783064803
1801876514304180,Enefit Eesti,https://tanelneemoja.github.io/competitors_images/data/Enefit Eesti/1801876514304180.jpg?v=31783064803
1410821104252530,Barbora.ee,https://tanelneemoja.github.io/competitors_images/data/Barbora.ee/1410821104252530.jpg?v=31783064803
914331311718199,Sportland Latvija,https://tanelneemoja.github.io/competitors_images/data/Sportland Latvija/914331311718199.jpg?v=31783064803
1078263071205650,Maxima Eesti,https://tanelneemoja.github.io/competitors_images/data/Maxima Eesti/1078263071205650.jpg?v=31783064803
1024316943552800,Coral Travel Lithuania,https://tanelneemoja.github.io/competitors_images/data/Coral Travel Lithuania/1024316943552800.jpg?v=31783064803
1727648521903560,Ignitis Group Eesti,https://tanelneemoja.github.io/competitors_images/data/Ignitis Group Eesti/1727648521903560.jpg?v=31783064803
28007467375553300,Lounge by Zalando,https://tanelneemoja.github.io/competitors_images/data/Lounge by Zalando/28007467375553300.jpg?v=31783064803
1764386911353900,Enefit Eesti,https://tanelneemoja.github.io/competitors_images/data/Enefit Eesti/1764386911353900.jpg?v=31783064803
2474415346374720,TEZ TOUR Lietuva,https://tanelneemoja.github.io/competitors_images/data/TEZ TOUR Lietuva/2474415346374720.jpg?v=31783064803
1522329759059240,reterra,https://tanelneemoja.github.io/competitors_images/data/reterra/1522329759059240.jpg?v=31783064803
1010047395194370,reterra,https://tanelneemoja.github.io/competitors_images/data/reterra/1010047395194370.jpg?v=31783064803
3607113396102300,Boozt.com,https://tanelneemoja.github.io/competitors_images/data/Boozt.com/3607113396102300.jpg?v=31783064803
1724058978839320,Rimi Eesti,https://tanelneemoja.github.io/competitors_images/data/Rimi Eesti/1724058978839320.jpg?v=31783064803
1064829999297470,Rimi Eesti,https://tanelneemoja.github.io/competitors_images/data/Rimi Eesti/1064829999297470.jpg?v=31783064803
1036391502646560,Maxima Eesti,https://tanelneemoja.github.io/competitors_images/data/Maxima Eesti/1036391502646560.jpg?v=31783064803
1365117735796220,Barbora.ee,https://tanelneemoja.github.io/competitors_images/data/Barbora.ee/1365117735796220.jpg?v=31783064803
1575014650871400,Endover Kinnisvara,https://tanelneemoja.github.io/competitors_images/data/Endover Kinnisvara/1575014650871400.jpg?v=31783064803
2143878433232430,Lounge by Zalando,https://tanelneemoja.github.io/competitors_images/data/Lounge by Zalando/2143878433232430.jpg?v=31783064803
1708489960438120,TEZ TOUR Lietuva,https://tanelneemoja.github.io/competitors_images/data/TEZ TOUR Lietuva/1708489960438120.jpg?v=31783064803
1254215716752210,Barbora.ee,https://tanelneemoja.github.io/competitors_images/data/Barbora.ee/1254215716752210.jpg?v=31783064803
1423901059849630,Maxima Eesti,https://tanelneemoja.github.io/competitors_images/data/Maxima Eesti/1423901059849630.jpg?v=31783064803
1447504417186670,TEZ TOUR Lietuva,https://tanelneemoja.github.io/competitors_images/data/TEZ TOUR Lietuva/1447504417186670.jpg?v=31783064803
1058522889985780,Rimi Eesti,https://tanelneemoja.github.io/competitors_images/data/Rimi Eesti/1058522889985780.jpg?v=31783064803
1635145834634320,Lounge by Zalando,https://tanelneemoja.github.io/competitors_images/data/Lounge by Zalando/1635145834634320.jpg?v=31783064803
1716724706214880,Barbora.ee,https://tanelneemoja.github.io/competitors_images/data/Barbora.ee/1716724706214880.jpg?v=31783064803
1756741065524420,Enefit Eesti,https://tanelneemoja.github.io/competitors_images/data/Enefit Eesti/1756741065524420.jpg?v=31783064803
885251787615029,Barbora.ee,https://tanelneemoja.github.io/competitors_images/data/Barbora.ee/885251787615029.jpg?v=31783064803
1751253912541400,Sportland Eesti,https://tanelneemoja.github.io/competitors_images/data/Sportland Eesti/1751253912541400.jpg?v=31783064803
2591866194590570,Barbora.ee,https://tanelneemoja.github.io/competitors_images/data/Barbora.ee/2591866194590570.jpg?v=31783064803
1424212013095800,Endover Kinnisvara,https://tanelneemoja.github.io/competitors_images/data/Endover Kinnisvara/1424212013095800.jpg?v=31783064803
1037734495518320,Endover Kinnisvara,https://tanelneemoja.github.io/competitors_images/data/Endover Kinnisvara/1037734495518320.jpg?v=31783064803
823616790745774,Holm Bank,https://tanelneemoja.github.io/competitors_images/data/Holm Bank/823616790745774.jpg?v=31783064803
1065652453064560,Maxima Eesti,https://tanelneemoja.github.io/competitors_images/data/Maxima Eesti/1065652453064560.jpg?v=31783064803
1369764154561620,Maxima Eesti,https://tanelneemoja.github.io/competitors_images/data/Maxima Eesti/1369764154561620.jpg?v=31783064803
2959880567692580,Maxima Eesti,https://tanelneemoja.github.io/competitors_images/data/Maxima Eesti/2959880567692580.jpg?v=31783064803
1735448827488000,Barbora.ee,https://tanelneemoja.github.io/competitors_images/data/Barbora.ee/1735448827488000.jpg?v=31783064803
1366179795618300,Barbora.ee,https://tanelneemoja.github.io/competitors_images/data/Barbora.ee/1366179795618300.jpg?v=31783064803
1945307256074520,Barbora.ee,https://tanelneemoja.github.io/competitors_images/data/Barbora.ee/1945307256074520.jpg?v=31783064803
1008800848645330,If Kindlustus,https://tanelneemoja.github.io/competitors_images/data/If Kindlustus/1008800848645330.jpg?v=31783064803
1549275063600470,Barbora.ee,https://tanelneemoja.github.io/competitors_images/data/Barbora.ee/1549275063600470.jpg?v=31783064803
1610233400433190,Endover Kinnisvara,https://tanelneemoja.github.io/competitors_images/data/Endover Kinnisvara/1610233400433190.jpg?v=31783064803
1863033898218940,Barbora.ee,https://tanelneemoja.github.io/competitors_images/data/Barbora.ee/1863033898218940.jpg?v=31783064803
1004032242635040,reterra,https://tanelneemoja.github.io/competitors_images/data/reterra/1004032242635040.jpg?v=31783064803
1619049122929620,Coral Travel Lithuania,https://tanelneemoja.github.io/competitors_images/data/Coral Travel Lithuania/1619049122929620.jpg?v=31783064803
1392749679432180,Endover Kinnisvara,https://tanelneemoja.github.io/competitors_images/data/Endover Kinnisvara/1392749679432180.jpg?v=31783064803
1075189328251100,Maxima Eesti,https://tanelneemoja.github.io/competitors_images/data/Maxima Eesti/1075189328251100.jpg?v=31783064803
1572328331275780,Barbora.ee,https://tanelneemoja.github.io/competitors_images/data/Barbora.ee/1572328331275780.jpg?v=31783064803
1422890589893400,TEZ TOUR Lietuva,https://tanelneemoja.github.io/competitors_images/data/TEZ TOUR Lietuva/1422890589893400.jpg?v=31783064803
2530437430760770,Boozt.com,https://tanelneemoja.github.io/competitors_images/data/Boozt.com/2530437430760770.jpg?v=31783064803
1399227375454650,Holm Bank,https://tanelneemoja.github.io/competitors_images/data/Holm Bank/1399227375454650.jpg?v=31783064803
871940139083521,TEZ TOUR Lietuva,https://tanelneemoja.github.io/competitors_images/data/TEZ TOUR Lietuva/871940139083521.jpg?v=31783064803
1326669246119500,TEZ TOUR Lietuva,https://tanelneemoja.github.io/competitors_images/data/TEZ TOUR Lietuva/1326669246119500.jpg?v=31783064803
1083972577623330,Endover Kinnisvara,https://tanelneemoja.github.io/competitors_images/data/Endover Kinnisvara/1083972577623330.jpg?v=31783064803
1575607554200760,TEZ TOUR Lietuva,https://tanelneemoja.github.io/competitors_images/data/TEZ TOUR Lietuva/1575607554200760.jpg?v=31783064803
1356247169432250,Boozt.com,https://tanelneemoja.github.io/competitors_images/data/Boozt.com/1356247169432250.jpg?v=31783064803
1528153335116650,TEZ TOUR Lietuva,https://tanelneemoja.github.io/competitors_images/data/TEZ TOUR Lietuva/1528153335116650.jpg?v=31783064803
27813765741592100,Boozt.com,https://tanelneemoja.github.io/competitors_images/data/Boozt.com/27813765741592100.jpg?v=31783064803
1357017525758970,Boozt.com,https://tanelneemoja.github.io/competitors_images/data/Boozt.com/1357017525758970.jpg?v=31783064803
1031235909697180,Sportland Latvija,https://tanelneemoja.github.io/competitors_images/data/Sportland Latvija/1031235909697180.jpg?v=31783064803
828152853716823,Boozt.com,https://tanelneemoja.github.io/competitors_images/data/Boozt.com/828152853716823.jpg?v=31783064803
1673710313696010,Boozt.com,https://tanelneemoja.github.io/competitors_images/data/Boozt.com/1673710313696010.jpg?v=31783064803
921325231013688,Boozt.com,https://tanelneemoja.github.io/competitors_images/data/Boozt.com/921325231013688.jpg?v=31783064803
2082611605962300,Boozt.com,https://tanelneemoja.github.io/competitors_images/data/Boozt.com/2082611605962300.jpg?v=31783064803
1762061735102160,Barbora.ee,https://tanelneemoja.github.io/competitors_images/data/Barbora.ee/1762061735102160.jpg?v=31783064803
1720560892546320,TEZ TOUR Lietuva,https://tanelneemoja.github.io/competitors_images/data/TEZ TOUR Lietuva/1720560892546320.jpg?v=31783064803
1581414646872190,If Kindlustus,https://tanelneemoja.github.io/competitors_images/data/If Kindlustus/1581414646872190.jpg?v=31783064803
2825497424485040,TEZ TOUR Lietuva,https://tanelneemoja.github.io/competitors_images/data/TEZ TOUR Lietuva/2825497424485040.jpg?v=31783064803
1752059196103420,Coral Travel Lithuania,https://tanelneemoja.github.io/competitors_images/data/Coral Travel Lithuania/1752059196103420.jpg?v=31783064803
28505161262400500,Coral Travel Lithuania,https://tanelneemoja.github.io/competitors_images/data/Coral Travel Lithuania/28505161262400500.jpg?v=31783064803
1045691318184600,Coral Travel Lithuania,https://tanelneemoja.github.io/competitors_images/data/Coral Travel Lithuania/1045691318184600.jpg?v=31783064803
1566717231623420,ABOUT YOU,https://tanelneemoja.github.io/competitors_images/data/ABOUT YOU/1566717231623420.jpg?v=31783064803
2143052389942590,Boozt.com,https://tanelneemoja.github.io/competitors_images/data/Boozt.com/2143052389942590.jpg?v=31783064803
1224141983181100,Boozt.com,https://tanelneemoja.github.io/competitors_images/data/Boozt.com/1224141983181100.jpg?v=31783064803
1013283508369680,Coral Travel Lithuania,https://tanelneemoja.github.io/competitors_images/data/Coral Travel Lithuania/1013283508369680.jpg?v=31783064803
1376279080648670,Boozt.com,https://tanelneemoja.github.io/competitors_images/data/Boozt.com/1376279080648670.jpg?v=31783064803
1569229938251010,Sportland Latvija,https://tanelneemoja.github.io/competitors_images/data/Sportland Latvija/1569229938251010.jpg?v=31783064803
1077942034764540,TEZ TOUR Lietuva,https://tanelneemoja.github.io/competitors_images/data/TEZ TOUR Lietuva/1077942034764540.jpg?v=31783064803
3285751368299770,Boozt.com,https://tanelneemoja.github.io/competitors_images/data/Boozt.com/3285751368299770.jpg?v=31783064803
1408248094523260,Sportland Latvija,https://tanelneemoja.github.io/competitors_images/data/Sportland Latvija/1408248094523260.jpg?v=31783064803
918486451307576,If Kindlustus,https://tanelneemoja.github.io/competitors_images/data/If Kindlustus/918486451307576.jpg?v=31783064803
2004892393529480,Weekend.ee,https://tanelneemoja.github.io/competitors_images/data/Weekend.ee/2004892393529480.jpg?v=31783064803
1765037697963770,Endover Kinnisvara,https://tanelneemoja.github.io/competitors_images/data/Endover Kinnisvara/1765037697963770.jpg?v=31783064803
972192742575839,Weekend.ee,https://tanelneemoja.github.io/competitors_images/data/Weekend.ee/972192742575839.jpg?v=31783064803
1031686796259520,Weekend.ee,https://tanelneemoja.github.io/competitors_images/data/Weekend.ee/1031686796259520.jpg?v=31783064803
1370710141870240,Sportland Latvija,https://tanelneemoja.github.io/competitors_images/data/Sportland Latvija/1370710141870240.jpg?v=31783064803
1716313719665410,Boozt.com,https://tanelneemoja.github.io/competitors_images/data/Boozt.com/1716313719665410.jpg?v=31783064803
1001019726269100,Coral Travel Lithuania,https://tanelneemoja.github.io/competitors_images/data/Coral Travel Lithuania/1001019726269100.jpg?v=31783064803
2257915414984730,Boozt.com,https://tanelneemoja.github.io/competitors_images/data/Boozt.com/2257915414984730.jpg?v=31783064803
1591219749106420,Barbora.ee,https://tanelneemoja.github.io/competitors_images/data/Barbora.ee/1591219749106420.jpg?v=31783064803
1578544210519960,Boozt.com,https://tanelneemoja.github.io/competitors_images/data/Boozt.com/1578544210519960.jpg?v=31783064803
2036246733663830,Boozt.com,https://tanelneemoja.github.io/competitors_images/data/Boozt.com/2036246733663830.jpg?v=31783064803
1050340264030450,Boozt.com,https://tanelneemoja.github.io/competitors_images/data/Boozt.com/1050340264030450.jpg?v=31783064803
2647078969094820,SELVER,https://tanelneemoja.github.io/competitors_images/data/SELVER/2647078969094820.jpg?v=31783064803
924587240106856,Aurora Clinic,https://tanelneemoja.github.io/competitors_images/data/Aurora Clinic/924587240106856.jpg?v=31783064803
4623593197876060,JD Sports Lithuania,https://tanelneemoja.github.io/competitors_images/data/JD Sports Lithuania/4623593197876060.jpg?v=31783064803
2025902595479620,Holm Bank,https://tanelneemoja.github.io/competitors_images/data/Holm Bank/2025902595479620.jpg?v=31783064803
1029460059985970,TEZ TOUR Lietuva,https://tanelneemoja.github.io/competitors_images/data/TEZ TOUR Lietuva/1029460059985970.jpg?v=31783064803
2114345989482000,TEZ TOUR Lietuva,https://tanelneemoja.github.io/competitors_images/data/TEZ TOUR Lietuva/2114345989482000.jpg?v=31783064803
1753373022760110,Boozt.com,https://tanelneemoja.github.io/competitors_images/data/Boozt.com/1753373022760110.jpg?v=31783064803
1063715696054750,Coral Travel Lithuania,https://tanelneemoja.github.io/competitors_images/data/Coral Travel Lithuania/1063715696054750.jpg?v=31783064803
1600271964779280,TEZ TOUR Lietuva,https://tanelneemoja.github.io/competitors_images/data/TEZ TOUR Lietuva/1600271964779280.jpg?v=31783064803
1807620127070530,TEZ TOUR Lietuva,https://tanelneemoja.github.io/competitors_images/data/TEZ TOUR Lietuva/1807620127070530.jpg?v=31783064803
2341359909729600,Sportland Latvija,https://tanelneemoja.github.io/competitors_images/data/Sportland Latvija/2341359909729600.jpg?v=31783064803
1998420917508180,Boozt.com,https://tanelneemoja.github.io/competitors_images/data/Boozt.com/1998420917508180.jpg?v=31783064803
1040739405595540,Weekend.ee,https://tanelneemoja.github.io/competitors_images/data/Weekend.ee/1040739405595540.jpg?v=31783064803
2248638775899490,Bonava,https://tanelneemoja.github.io/competitors_images/data/Bonava/2248638775899490.jpg?v=31783064803
1032333052735810,TEZ TOUR Lietuva,https://tanelneemoja.github.io/competitors_images/data/TEZ TOUR Lietuva/1032333052735810.jpg?v=31783064803
4470969883223290,Enefit Eesti,https://tanelneemoja.github.io/competitors_images/data/Enefit Eesti/4470969883223290.jpg?v=31783064803
1423598149832650,Endover Kinnisvara,https://tanelneemoja.github.io/competitors_images/data/Endover Kinnisvara/1423598149832650.jpg?v=31783064803
1408237351373100,If Kindlustus,https://tanelneemoja.github.io/competitors_images/data/If Kindlustus/1408237351373100.jpg?v=31783064803
1667137614347660,TEZ TOUR Lietuva,https://tanelneemoja.github.io/competitors_images/data/TEZ TOUR Lietuva/1667137614347660.jpg?v=31783064803
1032773336403880,Boozt.com,https://tanelneemoja.github.io/competitors_images/data/Boozt.com/1032773336403880.jpg?v=31783064803
1588288713040740,Coop Eesti,https://tanelneemoja.github.io/competitors_images/data/Coop Eesti/1588288713040740.jpg?v=31783064803
1031459806401160,Boozt.com,https://tanelneemoja.github.io/competitors_images/data/Boozt.com/1031459806401160.jpg?v=31783064803
1383465270401700,TEZ TOUR Lietuva,https://tanelneemoja.github.io/competitors_images/data/TEZ TOUR Lietuva/1383465270401700.jpg?v=31783064803
3113107045547240,Enefit Eesti,https://tanelneemoja.github.io/competitors_images/data/Enefit Eesti/3113107045547240.jpg?v=31783064803
1587694410068590,If Kindlustus,https://tanelneemoja.github.io/competitors_images/data/If Kindlustus/1587694410068590.jpg?v=31783064803
1671428613918520,Coral Travel Latvia,https://tanelneemoja.github.io/competitors_images/data/Coral Travel Latvia/1671428613918520.jpg?v=31783064803
1309477604356360,Endover Kinnisvara,https://tanelneemoja.github.io/competitors_images/data/Endover Kinnisvara/1309477604356360.jpg?v=31783064803
1033069309334950,Boozt.com,https://tanelneemoja.github.io/competitors_images/data/Boozt.com/1033069309334950.jpg?v=31783064803
1035640285848320,Boozt.com,https://tanelneemoja.github.io/competitors_images/data/Boozt.com/1035640285848320.jpg?v=31783064803
2329630730904570,Tuleva,https://tanelneemoja.github.io/competitors_images/data/Tuleva/2329630730904570.jpg?v=31783064803
1710184283529800,Boozt.com,https://tanelneemoja.github.io/competitors_images/data/Boozt.com/1710184283529800.jpg?v=31783064803
1042554455403390,Boozt.com,https://tanelneemoja.github.io/competitors_images/data/Boozt.com/1042554455403390.jpg?v=31783064803
1599992635085590,Balcia Kindlustus,https://tanelneemoja.github.io/competitors_images/data/Balcia Kindlustus/1599992635085590.jpg?v=31783064803
1406218358155650,Sportland Eesti,https://tanelneemoja.github.io/competitors_images/data/Sportland Eesti/1406218358155650.jpg?v=31783064803
2215465029285910,Coop Eesti,https://tanelneemoja.github.io/competitors_images/data/Coop Eesti/2215465029285910.jpg?v=31783064803
2628411584283810,TEZ TOUR Lietuva,https://tanelneemoja.github.io/competitors_images/data/TEZ TOUR Lietuva/2628411584283810.jpg?v=31783064803
1067486322290360,Coop Eesti,https://tanelneemoja.github.io/competitors_images/data/Coop Eesti/1067486322290360.jpg?v=31783064803
1080417367878990,TEZ TOUR Lietuva,https://tanelneemoja.github.io/competitors_images/data/TEZ TOUR Lietuva/1080417367878990.jpg?v=31783064803
1037752228659990,Coop Eesti,https://tanelneemoja.github.io/competitors_images/data/Coop Eesti/1037752228659990.jpg?v=31783064803
979442928479931,TEZ TOUR Lietuva,https://tanelneemoja.github.io/competitors_images/data/TEZ TOUR Lietuva/979442928479931.jpg?v=31783064803
1376171734616010,Coop Eesti,https://tanelneemoja.github.io/competitors_images/data/Coop Eesti/1376171734616010.jpg?v=31783064803
1803955134077520,Boozt.com,https://tanelneemoja.github.io/competitors_images/data/Boozt.com/1803955134077520.jpg?v=31783064803
2923938184612540,Coop Eesti,https://tanelneemoja.github.io/competitors_images/data/Coop Eesti/2923938184612540.jpg?v=31783064803
1759579468326710,Sportland Eesti,https://tanelneemoja.github.io/competitors_images/data/Sportland Eesti/1759579468326710.jpg?v=31783064803
1043210068597490,Weekend.ee,https://tanelneemoja.github.io/competitors_images/data/Weekend.ee/1043210068597490.jpg?v=31783064803
1028869263361190,Boozt.com,https://tanelneemoja.github.io/competitors_images/data/Boozt.com/1028869263361190.jpg?v=31783064803
1762469908085930,Enefit Eesti,https://tanelneemoja.github.io/competitors_images/data/Enefit Eesti/1762469908085930.jpg?v=31783064803
2277352076409280,Boozt.com,https://tanelneemoja.github.io/competitors_images/data/Boozt.com/2277352076409280.jpg?v=31783064803
1774392837031190,Weekend.ee,https://tanelneemoja.github.io/competitors_images/data/Weekend.ee/1774392837031190.jpg?v=31783064803
2299422250860170,TEZ TOUR Lietuva,https://tanelneemoja.github.io/competitors_images/data/TEZ TOUR Lietuva/2299422250860170.jpg?v=31783064803
1626893445821890,Weekend.ee,https://tanelneemoja.github.io/competitors_images/data/Weekend.ee/1626893445821890.jpg?v=31783064803
1603608064721490,Boozt.com,https://tanelneemoja.github.io/competitors_images/data/Boozt.com/1603608064721490.jpg?v=31783064803
2116637492567800,Boozt.com,https://tanelneemoja.github.io/competitors_images/data/Boozt.com/2116637492567800.jpg?v=31783064803
1583790193276720,Luminor Eesti,https://tanelneemoja.github.io/competitors_images/data/Luminor Eesti/1583790193276720.jpg?v=31783064803
900081253173669,Coral Travel Latvia,https://tanelneemoja.github.io/competitors_images/data/Coral Travel Latvia/900081253173669.jpg?v=31783064803
1752775522811700,Join Up Lietuva,https://tanelneemoja.github.io/competitors_images/data/Join Up Lietuva/1752775522811700.jpg?v=31783064803
928532543624641,Sportland Eesti,https://tanelneemoja.github.io/competitors_images/data/Sportland Eesti/928532543624641.jpg?v=31783064803
2053070421976420,Boozt.com,https://tanelneemoja.github.io/competitors_images/data/Boozt.com/2053070421976420.jpg?v=31783064803
1067163855826090,Boozt.com,https://tanelneemoja.github.io/competitors_images/data/Boozt.com/1067163855826090.jpg?v=31783064803
1553332763158260,ABOUT YOU,https://tanelneemoja.github.io/competitors_images/data/ABOUT YOU/1553332763158260.jpg?v=31783064803
4270926226385690,Boozt.com,https://tanelneemoja.github.io/competitors_images/data/Boozt.com/4270926226385690.jpg?v=31783064803
1734888027655480,SEB Eesti,https://tanelneemoja.github.io/competitors_images/data/SEB Eesti/1734888027655480.jpg?v=31783064803
1427020405994050,Sportland Eesti,https://tanelneemoja.github.io/competitors_images/data/Sportland Eesti/1427020405994050.jpg?v=31783064803
1780447819963800,Boozt.com,https://tanelneemoja.github.io/competitors_images/data/Boozt.com/1780447819963800.jpg?v=31783064803
1604395894360670,Sportland Eesti,https://tanelneemoja.github.io/competitors_images/data/Sportland Eesti/1604395894360670.jpg?v=31783064803
2585648415205800,Join Up Lietuva,https://tanelneemoja.github.io/competitors_images/data/Join Up Lietuva/2585648415205800.jpg?v=31783064803
1417953433574280,Boozt.com,https://tanelneemoja.github.io/competitors_images/data/Boozt.com/1417953433574280.jpg?v=31783064803
1443252418002330,Sportland Eesti,https://tanelneemoja.github.io/competitors_images/data/Sportland Eesti/1443252418002330.jpg?v=31783064803
1319190600012640,Coop Eesti,https://tanelneemoja.github.io/competitors_images/data/Coop Eesti/1319190600012640.jpg?v=31783064803
1721842642480430,Ballzy Suomi,https://tanelneemoja.github.io/competitors_images/data/Ballzy Suomi/1721842642480430.jpg?v=31783064803
1043014455316390,Enefit Eesti,https://tanelneemoja.github.io/competitors_images/data/Enefit Eesti/1043014455316390.jpg?v=31783064803
28214395598186700,Weekend.ee,https://tanelneemoja.github.io/competitors_images/data/Weekend.ee/28214395598186700.jpg?v=31783064803
1656044179247210,TEZ TOUR Lietuva,https://tanelneemoja.github.io/competitors_images/data/TEZ TOUR Lietuva/1656044179247210.jpg?v=31783064803
1361938435360130,Coop Eesti,https://tanelneemoja.github.io/competitors_images/data/Coop Eesti/1361938435360130.jpg?v=31783064803
1316428411544530,Boozt.com,https://tanelneemoja.github.io/competitors_images/data/Boozt.com/1316428411544530.jpg?v=31783064803
1052175120678140,TEZ TOUR Lietuva,https://tanelneemoja.github.io/competitors_images/data/TEZ TOUR Lietuva/1052175120678140.jpg?v=31783064803
1073701845346630,Boozt.com,https://tanelneemoja.github.io/competitors_images/data/Boozt.com/1073701845346630.jpg?v=31783064803
1020377424301650,Coral Travel Latvia,https://tanelneemoja.github.io/competitors_images/data/Coral Travel Latvia/1020377424301650.jpg?v=31783064803
1343363274678100,Holm Bank,https://tanelneemoja.github.io/competitors_images/data/Holm Bank/1343363274678100.jpg?v=31783064803
1531486218992370,Weekend.ee,https://tanelneemoja.github.io/competitors_images/data/Weekend.ee/1531486218992370.jpg?v=31783064803
1374150281321430,Boozt.com,https://tanelneemoja.github.io/competitors_images/data/Boozt.com/1374150281321430.jpg?v=31783064803
2967708320249930,ABOUT YOU,https://tanelneemoja.github.io/competitors_images/data/ABOUT YOU/2967708320249930.jpg?v=31783064803
1987436468635730,Rimi Eesti,https://tanelneemoja.github.io/competitors_images/data/Rimi Eesti/1987436468635730.jpg?v=31783064803
1541679074405060,Coop Eesti,https://tanelneemoja.github.io/competitors_images/data/Coop Eesti/1541679074405060.jpg?v=31783064803
1998103530909010,TEZ TOUR Lietuva,https://tanelneemoja.github.io/competitors_images/data/TEZ TOUR Lietuva/1998103530909010.jpg?v=31783064803
1582761786592910,Balcia Kindlustus,https://tanelneemoja.github.io/competitors_images/data/Balcia Kindlustus/1582761786592910.jpg?v=31783064803
1081962867599950,Coop Eesti,https://tanelneemoja.github.io/competitors_images/data/Coop Eesti/1081962867599950.jpg?v=31783064803
1847788656626820,Boozt.com,https://tanelneemoja.github.io/competitors_images/data/Boozt.com/1847788656626820.jpg?v=31783064803
2133814574148510,Boozt.com,https://tanelneemoja.github.io/competitors_images/data/Boozt.com/2133814574148510.jpg?v=31783064803
3950467728595350,TEZ TOUR Lietuva,https://tanelneemoja.github.io/competitors_images/data/TEZ TOUR Lietuva/3950467728595350.jpg?v=31783064803
1909271639739230,Boozt.com,https://tanelneemoja.github.io/competitors_images/data/Boozt.com/1909271639739230.jpg?v=31783064803
2284324425716580,Invego,https://tanelneemoja.github.io/competitors_images/data/Invego/2284324425716580.jpg?v=31783064803
1411591560783430,Boozt.com,https://tanelneemoja.github.io/competitors_images/data/Boozt.com/1411591560783430.jpg?v=31783064803
4393776917604980,Boozt.com,https://tanelneemoja.github.io/competitors_images/data/Boozt.com/4393776917604980.jpg?v=31783064803
1388503883206660,Holm Bank,https://tanelneemoja.github.io/competitors_images/data/Holm Bank/1388503883206660.jpg?v=31783064803
1080691017970260,Sportland Eesti,https://tanelneemoja.github.io/competitors_images/data/Sportland Eesti/1080691017970260.jpg?v=31783064803
1717467106136540,Boozt.com,https://tanelneemoja.github.io/competitors_images/data/Boozt.com/1717467106136540.jpg?v=31783064803
1455590839702500,Ballzy Latvija,https://tanelneemoja.github.io/competitors_images/data/Ballzy Latvija/1455590839702500.jpg?v=31783064803
1601406438365500,Ballzy Lietuva,https://tanelneemoja.github.io/competitors_images/data/Ballzy Lietuva/1601406438365500.jpg?v=31783064803
1733920374590980,Lidl Eesti,https://tanelneemoja.github.io/competitors_images/data/Lidl Eesti/1733920374590980.jpg?v=31783064803
1687089979058850,Weekend.ee,https://tanelneemoja.github.io/competitors_images/data/Weekend.ee/1687089979058850.jpg?v=31783064803
1372351731664870,Weekend.ee,https://tanelneemoja.github.io/competitors_images/data/Weekend.ee/1372351731664870.jpg?v=31783064803
4497248277263070,PZU Kindlustus,https://tanelneemoja.github.io/competitors_images/data/PZU Kindlustus/4497248277263070.jpg?v=31783064803
1075676692066410,Barbora.ee,https://tanelneemoja.github.io/competitors_images/data/Barbora.ee/1075676692066410.jpg?v=31783064803
1597051915404240,Coop Eesti,https://tanelneemoja.github.io/competitors_images/data/Coop Eesti/1597051915404240.jpg?v=31783064803
1032769676300360,Boozt.com,https://tanelneemoja.github.io/competitors_images/data/Boozt.com/1032769676300360.jpg?v=31783064803
1906590720299930,Sportland Eesti,https://tanelneemoja.github.io/competitors_images/data/Sportland Eesti/1906590720299930.jpg?v=31783064803
1436503191649520,Coop Eesti,https://tanelneemoja.github.io/competitors_images/data/Coop Eesti/1436503191649520.jpg?v=31783064803
1031229516363500,Coop Eesti,https://tanelneemoja.github.io/competitors_images/data/Coop Eesti/1031229516363500.jpg?v=31783064803
1540486013677550,Lidl Eesti,https://tanelneemoja.github.io/competitors_images/data/Lidl Eesti/1540486013677550.jpg?v=31783064803
1042689601683290,Lidl Eesti,https://tanelneemoja.github.io/competitors_images/data/Lidl Eesti/1042689601683290.jpg?v=31783064803
1718145186064570,Coral Travel Latvia,https://tanelneemoja.github.io/competitors_images/data/Coral Travel Latvia/1718145186064570.jpg?v=31783064803
1399484802124080,Rimi Eesti,https://tanelneemoja.github.io/competitors_images/data/Rimi Eesti/1399484802124080.jpg?v=31783064803
2094056198155320,Boozt.com,https://tanelneemoja.github.io/competitors_images/data/Boozt.com/2094056198155320.jpg?v=31783064803
1070566055498460,Weekend.lt,https://tanelneemoja.github.io/competitors_images/data/Weekend.lt/1070566055498460.jpg?v=31783064803
1036329365878240,Coral Travel Estonia,https://tanelneemoja.github.io/competitors_images/data/Coral Travel Estonia/1036329365878240.jpg?v=31783064803
1399045999089720,Boozt.com,https://tanelneemoja.github.io/competitors_images/data/Boozt.com/1399045999089720.jpg?v=31783064803
1037176488958200,JD Sports Lithuania,https://tanelneemoja.github.io/competitors_images/data/JD Sports Lithuania/1037176488958200.jpg?v=31783064803
1724855405119920,Enefit Eesti,https://tanelneemoja.github.io/competitors_images/data/Enefit Eesti/1724855405119920.jpg?v=31783064803
1042816375157680,Weekend.ee,https://tanelneemoja.github.io/competitors_images/data/Weekend.ee/1042816375157680.jpg?v=31783064803
2128069968054500,Boozt.com,https://tanelneemoja.github.io/competitors_images/data/Boozt.com/2128069968054500.jpg?v=31783064803
858908640492758,Weekend.ee,https://tanelneemoja.github.io/competitors_images/data/Weekend.ee/858908640492758.jpg?v=31783064803
3249231385252010,Boozt.com,https://tanelneemoja.github.io/competitors_images/data/Boozt.com/3249231385252010.jpg?v=31783064803
905871202593812,Rimi Eesti,https://tanelneemoja.github.io/competitors_images/data/Rimi Eesti/905871202593812.jpg?v=31783064803
2178835272663160,Weekend.ee,https://tanelneemoja.github.io/competitors_images/data/Weekend.ee/2178835272663160.jpg?v=31783064803
4385421015057210,BSTN Store,https://tanelneemoja.github.io/competitors_images/data/BSTN Store/4385421015057210.jpg?v=31783064803
2260018251488680,Endover Kinnisvara,https://tanelneemoja.github.io/competitors_images/data/Endover Kinnisvara/2260018251488680.jpg?v=31783064803
1372453245019210,reterra,https://tanelneemoja.github.io/competitors_images/data/reterra/1372453245019210.jpg?v=31783064803
1519812206494970,Prisma Peremarketid,https://tanelneemoja.github.io/competitors_images/data/Prisma Peremarketid/1519812206494970.jpg?v=31783064803
3319541334886480,Boozt.com,https://tanelneemoja.github.io/competitors_images/data/Boozt.com/3319541334886480.jpg?v=31783064803
1402465105090830,reterra,https://tanelneemoja.github.io/competitors_images/data/reterra/1402465105090830.jpg?v=31783064803
1032551589528970,Endover Kinnisvara,https://tanelneemoja.github.io/competitors_images/data/Endover Kinnisvara/1032551589528970.jpg?v=31783064803
1395194866126200,Boozt.com,https://tanelneemoja.github.io/competitors_images/data/Boozt.com/1395194866126200.jpg?v=31783064803
2116789716380970,Endover Kinnisvara,https://tanelneemoja.github.io/competitors_images/data/Endover Kinnisvara/2116789716380970.jpg?v=31783064803
998806193161306,Luminor Eesti,https://tanelneemoja.github.io/competitors_images/data/Luminor Eesti/998806193161306.jpg?v=31783064803
932522702443633,Sportland Latvija,https://tanelneemoja.github.io/competitors_images/data/Sportland Latvija/932522702443633.jpg?v=31783064803
2008558849790210,SELVER,https://tanelneemoja.github.io/competitors_images/data/SELVER/2008558849790210.jpg?v=31783064803
1617292319822980,Boozt.com,https://tanelneemoja.github.io/competitors_images/data/Boozt.com/1617292319822980.jpg?v=31783064803
1945486009474130,reterra,https://tanelneemoja.github.io/competitors_images/data/reterra/1945486009474130.jpg?v=31783064803
